"","Var1","Var2","Var3","Var4","Var5","Var6","Var7","Var8","Var9","Var10","Var11","Var12","Var13","Var14","Var15","Var16","Var17"
"1",1.792761,1.566492,1.792761,1.566492,7.896941,1.179359,0.168035,0.178753,0.1,0.9,0.05,6,4,0.2,0.2,-0.05,0.25
