"","Var1","Var2","Var3","Var4","Var5","Var6","Var7","Var8"
"1",1.792761,1.566492,1.792761,1.566492,7.896941,1.179359,0.168035,0.178753
